file,top_dir,bytes,sha256,parse_ok,schema_name,schema_version,has_graph,node_count,edge_count,evidence_count
audits/audit_log_2026-08-17.json,audits,152,f10b4ff805d9653b7b8bc8f62b9624e4e5f3c6bbe0e9bfa07ff3de2ad837189f,True,,,False,0,0,0
audits/canonical_v2.1_audit.json,audits,1166,a441859c5878c16d8c5edda914d29ead2c1bf0f49a6db4399bcb24fac96f424d,True,,,False,0,0,0
audits/full_repo_knowledge_audit.json,audits,157721,b499c509180ea33e33ff9e248fcba0469ce59a22c4043c4bd250a0d8c72b86da,True,,,False,0,0,0
audits/knowledge_graph_repair_plan.json,audits,67878,b6f9ebf98b5b3f30a44c78ab4d99c061e9f7195dc171f770394295e97206f3fd,True,,,False,0,0,0
audits/knowledge_graph_repo_audit.json,audits,146424,ec8dd6bffa5bf90ceb11c931745a19fa5f4e5567b9779f2fa8c0d38afbf8e609,True,,,False,0,0,0
audits/v2_contract_audit.json,audits,230962,0c2095a3ab3f56928305a2fb13e96345f935864cd2bcb320549b2c15dbefb892,True,,,False,0,0,0
backups/chunks_50/khawrizm_graph_chunk_0001.json,backups,4493,386d9bf85df6602ea261951a4c23a16473604658002bd73c462cfc2e10821f95,True,sovereign_knowledge_graph,1.0.0,True,6,6,2
backups/chunks_50/khawrizm_graph_chunk_0002.json,backups,4713,adbcf8a16d7e0f7193d9b473f8b35bd898e07a581eed7cca466ea0ab19d208cc,True,sovereign_knowledge_graph,1.0.0,True,6,6,2
backups/chunks_50/khawrizm_graph_chunk_0003.json,backups,4354,a03f80d5cc760f99765aa13a1185c0136d9a63758e5a76e1112b42b6cddb3f72,True,sovereign_knowledge_graph,1.0.0,True,6,6,2
backups/chunks_50/khawrizm_graph_chunk_0004.json,backups,4640,fa4c03432fb34bc6a314317924cbbe1d440004de99d5faedf6c33bd37e0ca636,True,sovereign_knowledge_graph,1.0.0,True,6,6,2
backups/chunks_50/khawrizm_graph_chunk_0005.json,backups,4601,a45ddec61c09304e2efb494dac0446c16391d9717545db056e349d80605694a7,True,sovereign_knowledge_graph,1.0.0,True,6,6,2
backups/chunks_50/khawrizm_graph_chunk_0006.json,backups,4833,c070666d6d9e846673d934d1cf525af0c7ebe921e24c0eda26f639bddd260d23,True,sovereign_knowledge_graph,1.0.0,True,6,6,2
backups/chunks_50/khawrizm_graph_chunk_0007.json,backups,4613,6bef33c36be47498ccb601ef51b485c84ec314c90aabb6a578dae549cb5e737d,True,sovereign_knowledge_graph,1.0.0,True,6,6,2
backups/chunks_50/khawrizm_graph_chunk_0008.json,backups,4704,649257e0f89af5505dbeec75fc9230e0ada2b6948eeaad8fca289379ef6f5ae6,True,sovereign_knowledge_graph,1.0.0,True,6,6,2
backups/chunks_50/khawrizm_graph_chunk_0009.json,backups,4735,37278a9a4d453d593d3fac06c50dae55e1a1b495cd6f7a6f7a865640d39bb6f6,True,sovereign_knowledge_graph,1.0.0,True,6,6,2
backups/chunks_50/khawrizm_graph_chunk_0010.json,backups,4562,b1491c0f2ae9f9f44df44eb993625d1bd7493c030c3550fdc808680b055f1ff4,True,sovereign_knowledge_graph,1.0.0,True,6,6,2
backups/chunks_50/khawrizm_graph_chunk_0011.json,backups,4662,da5efa4731a7be1e49cf7cea1951b5c6ec5357d33be4018d7d761ec9f57d01c2,True,sovereign_knowledge_graph,1.0.0,True,6,6,2
backups/chunks_50/khawrizm_graph_chunk_0012.json,backups,4683,a6f608b1245e0db82df1af55aa28ced7111c973d419fe6ae95da42c6766e5c40,True,sovereign_knowledge_graph,1.0.0,True,6,6,2
backups/chunks_50/khawrizm_graph_chunk_0013.json,backups,4953,b631a1b600196fc5c20afd4f64e8e570329cc68212bacb1c4424760110885b0b,True,sovereign_knowledge_graph,1.0.0,True,6,6,2
backups/chunks_50/khawrizm_graph_chunk_0014.json,backups,4943,04d278cb4c3d21c69ea891ab9d01454a9a592a51f3d90786bfb41d009bdda187,True,sovereign_knowledge_graph,1.0.0,True,6,6,2
backups/chunks_50/khawrizm_graph_chunk_0015.json,backups,4909,a257b8a2c7cd5d8ba34b445e135eefb17bae0449aac38e80f93f9a6bbf6ed854,True,sovereign_knowledge_graph,1.0.0,True,6,6,2
backups/chunks_50/khawrizm_graph_chunk_0016.json,backups,4909,a257b8a2c7cd5d8ba34b445e135eefb17bae0449aac38e80f93f9a6bbf6ed854,True,sovereign_knowledge_graph,1.0.0,True,6,6,2
backups/chunks_50/khawrizm_graph_chunk_0017.json,backups,4909,a257b8a2c7cd5d8ba34b445e135eefb17bae0449aac38e80f93f9a6bbf6ed854,True,sovereign_knowledge_graph,1.0.0,True,6,6,2
backups/chunks_50/khawrizm_graph_chunk_0018.json,backups,4692,aa47170e3cec9c11f27c86a543a7bf0471848403b2b2171d063c0ba93c9cdb81,True,sovereign_knowledge_graph,1.0.0,True,6,6,2
backups/chunks_50/khawrizm_graph_chunk_0019.json,backups,4644,91fcb88f4f5e3266f7ae095531d9e107e0e871062373754ca3945adbe30e978b,True,sovereign_knowledge_graph,1.0.0,True,6,6,2
backups/chunks_50/khawrizm_graph_chunk_0020.json,backups,4783,16a6ed43f19e0099f880b8ad760c90ca24497516a249d41ae98074909cd3c214,True,sovereign_knowledge_graph,1.0.0,True,6,6,2
backups/chunks_50/khawrizm_graph_chunk_0021.json,backups,4915,8aa8a98177b073f93e8875af031d096db7f8642dee468222c0999cabb3b1d671,True,sovereign_knowledge_graph,1.0.0,True,6,6,2
backups/chunks_50/khawrizm_graph_chunk_0022.json,backups,4843,3bd77d2b37c7d741698549e759765e56cd4256e56b928293a0adb1b67a3bbf6f,True,sovereign_knowledge_graph,1.0.0,True,6,6,2
backups/chunks_50/khawrizm_graph_chunk_0023.json,backups,4893,b621c9eb8bdda7c7e361c2b21d1d1fcbd698a0338e9e96872718003b97af239f,True,sovereign_knowledge_graph,1.0.0,True,6,6,2
backups/chunks_50/khawrizm_graph_chunk_0024.json,backups,4822,ad5dd0d63551ebc91005d19ca260d989ebbd04f52e7646edb59782aaa6e42377,True,sovereign_knowledge_graph,1.0.0,True,6,6,2
backups/chunks_50/khawrizm_graph_chunk_0025.json,backups,4843,048af7fe60825120e0f6fa13ed95c3f0af09ffd85aca8d7bcad156cde93cc6df,True,sovereign_knowledge_graph,1.0.0,True,6,6,2
backups/chunks_50/khawrizm_graph_chunk_0026.json,backups,4762,f3932e271c52952558ff3a64ac67faf7a00f568a2b2bb271b067b3f4bb6f39e1,True,sovereign_knowledge_graph,1.0.0,True,6,6,2
backups/chunks_50/khawrizm_graph_chunk_0027.json,backups,4655,4ee5974af46841a6ad23b421706dd62f07e4136fc1ccac6980bbd35889b9b67b,True,sovereign_knowledge_graph,1.0.0,True,6,6,2
backups/chunks_50/khawrizm_graph_chunk_0028.json,backups,5076,c05095d790b895b2e5531df5aadab62c635235af431c0f07609c77dae52259a0,True,sovereign_knowledge_graph,1.0.0,True,6,6,2
backups/chunks_50/khawrizm_graph_chunk_0029.json,backups,5075,f66c9b08d7aad128f21c743af343bf9486dae0ecfd28b5501dcd68d8b5f317ed,True,sovereign_knowledge_graph,1.0.0,True,6,6,2
backups/chunks_50/khawrizm_graph_chunk_0030.json,backups,4850,e1281b8723084a0b703799e01f6804e55048b5ea9e0154b6f2acb03ebcb1641c,True,sovereign_knowledge_graph,1.0.0,True,6,6,2
backups/chunks_50/khawrizm_graph_chunk_0031.json,backups,4762,5bd94c49117910ac12a0bad19ac4bd1e65e412e71aae4a05966e1ed6632f21e1,True,sovereign_knowledge_graph,1.0.0,True,6,6,2
backups/chunks_50/khawrizm_graph_chunk_0032.json,backups,4935,c49b008ff806c1bb373cec80c39731c4b0952b7ce16dc1850f85d433fa1ee5a8,True,sovereign_knowledge_graph,1.0.0,True,6,6,2
backups/chunks_50/khawrizm_graph_chunk_0033.json,backups,260,faa8adc0a6c1aae450a01362afb65827a2ce016824bdba2937be208dfedcc65b,True,,1.0.0,True,0,0,0
backups/chunks_50/khawrizm_graph_chunk_0034.json,backups,260,72eb59f946d502ac36aeb2393b79b2cb0d326f88ac2792644db31786fd302ad6,True,,1.0.0,True,0,0,0
backups/chunks_50/khawrizm_graph_chunk_0035.json,backups,260,e22ad799dc099ce88cebf1bfca1572f356617df760b00d1c715f46ab3c80de6d,True,,1.0.0,True,0,0,0
backups/chunks_50/khawrizm_graph_chunk_0036.json,backups,260,9977211ead93518488f8bbf6250511572a67b79f44c5540cc1b7460fb332bad8,True,,1.0.0,True,0,0,0
backups/chunks_50/khawrizm_graph_chunk_0037.json,backups,260,ce9bf362073be1cbfc6af9d1bb4e01ca2f6e277663d046215f60d01d62b4f4c9,True,,1.0.0,True,0,0,0
backups/chunks_50/khawrizm_graph_chunk_0038.json,backups,260,7d75695d78308632823ebf8591690bcc4d73a4c5168af33e0f9e77f99695827c,True,,1.0.0,True,0,0,0
backups/chunks_50/khawrizm_graph_chunk_0039.json,backups,260,335603a48e19250cd690c18085aa3d759a482b1e07e4ab210752d00ba1c76d23,True,,1.0.0,True,0,0,0
backups/chunks_50/khawrizm_graph_chunk_0040.json,backups,260,b7ff2b35cef26ebf1181a651c800c89ff0a6e9392adaf1880d3576b2effdf2da,True,,1.0.0,True,0,0,0
backups/chunks_50/khawrizm_graph_chunk_0041.json,backups,260,cd0991db50d3ca293526dd875f02d7272085bf78fa8410dcce57669751f0453b,True,,1.0.0,True,0,0,0
backups/chunks_50/khawrizm_graph_chunk_0042.json,backups,260,140b277faad808b9bddd4f11ea90facc39ede58c46dd7a35c6c6e528d83298f4,True,,1.0.0,True,0,0,0
backups/chunks_50/khawrizm_graph_chunk_0043.json,backups,260,c2e3cf26e4391e86632c2abf7e63428857abbe1fdc4fcf9ea5218f5de827360b,True,,1.0.0,True,0,0,0
backups/chunks_50/khawrizm_graph_chunk_0044.json,backups,260,125d84a98b514a62aa84205d3095377fdf1465b83ddfb8ed794f18711af42576,True,,1.0.0,True,0,0,0
backups/chunks_50/khawrizm_graph_chunk_0045.json,backups,260,905617015c325c038e4d1720d16e17508e99a1e94506c7e37333d1ff2e870a4f,True,,1.0.0,True,0,0,0
backups/chunks_50/khawrizm_graph_chunk_0046.json,backups,260,3797e720faede9d90e86a395b5a0c1bf9a68dbd2325549be54769d1f72cd89bd,True,,1.0.0,True,0,0,0
backups/chunks_50/khawrizm_graph_chunk_0047.json,backups,260,49dc51b99b6f9906174c022d6022e30d81b5bbb92563209774bbad7e3395824e,True,,1.0.0,True,0,0,0
backups/chunks_50/khawrizm_graph_chunk_0048.json,backups,260,0d775f6a4bf778d6e376d539149a8803cfe0f8fbb14746f56b3f8f731968f94a,True,,1.0.0,True,0,0,0
backups/chunks_50/khawrizm_graph_chunk_0049.json,backups,260,e0704b55cc30aabb5c93bd81dd42bdd286e712c4a64ca83d098bc4b5d10cf3c0,True,,1.0.0,True,0,0,0
backups/chunks_50/khawrizm_graph_chunk_0050.json,backups,260,29f466e6b97bfa7660a389459974f97b6efa82f192e0fa1adf5dd96f9bc76a72,True,,1.0.0,True,0,0,0
backups/it_50/khawrizm_graph_chunk_it_0001.json,backups,421,449b840e64a51e6aa2bc8d8f3dbc4b73096f69043972ef1ca93440d6f942171e,True,khawrizm_sovereign_graph,1.0.0,True,0,0,0
backups/it_50/khawrizm_graph_chunk_it_0002.json,backups,260,92fc6258c1867bf91993b9de43fdcef980af7d05511ce6bab94e52c24fc02cf2,True,,1.0.0,True,0,0,0
backups/it_50/khawrizm_graph_chunk_it_0003.json,backups,260,f931e77adeff3bc96ac50741c3cb82fd62f7f910754b38abfcb06dbf1d0c6870,True,,1.0.0,True,0,0,0
backups/it_50/khawrizm_graph_chunk_it_0004.json,backups,260,a325535548d76f6e081b5ae0433de0748ed5b9c95fbd9bcace1f21f3a4edbc7e,True,,1.0.0,True,0,0,0
backups/it_50/khawrizm_graph_chunk_it_0005.json,backups,260,f68f86a38afdf3cf81634ab018cf1433e84df87c8b96fa64de69b46e6a586642,True,,1.0.0,True,0,0,0
backups/it_50/khawrizm_graph_chunk_it_0006.json,backups,260,ea97e9077c3c1e4e2c2fbe7ce988cf0af0e705a74ea7c6c3de7515e13123ce38,True,,1.0.0,True,0,0,0
backups/it_50/khawrizm_graph_chunk_it_0007.json,backups,260,f4c61956de96df2a11d0dff5e71f231a9c4c1a132a2594019d3271c96efb2739,True,,1.0.0,True,0,0,0
backups/it_50/khawrizm_graph_chunk_it_0008.json,backups,260,06530a99625be2f6201b1d7721aa9da14fef25c88e46ee97c3e8c6defea64c81,True,,1.0.0,True,0,0,0
backups/it_50/khawrizm_graph_chunk_it_0009.json,backups,260,8876481c9d349c25d294140e5a864da40513fe38ed9a71b622c87c9cf7a8427b,True,,1.0.0,True,0,0,0
backups/it_50/khawrizm_graph_chunk_it_0010.json,backups,260,6f3b77e7ceb2c0e3d3c1cd4e04f716dbd970f26d092096d2526253ddf0fd7e24,True,,1.0.0,True,0,0,0
backups/it_50/khawrizm_graph_chunk_it_0011.json,backups,260,dccb5dcdbe3d0605c160c7c15e8ded7b0d31c31bbca047e8effbaf05ad2a7351,True,,1.0.0,True,0,0,0
backups/it_50/khawrizm_graph_chunk_it_0012.json,backups,260,b6e31fcd94081f5826d62f630a43e6b9b1c99163872d6af452fe0aa5072e8a13,True,,1.0.0,True,0,0,0
backups/it_50/khawrizm_graph_chunk_it_0013.json,backups,260,f3a6f346a47626618810429eea63d86e0f6bd4b1b2b02c350b83075274f6dfb4,True,,1.0.0,True,0,0,0
backups/it_50/khawrizm_graph_chunk_it_0014.json,backups,260,e3e2e6e1f5bdd64bac7e1ec95e7e02794194a6261912be8ad3e575f003817955,True,,1.0.0,True,0,0,0
backups/it_50/khawrizm_graph_chunk_it_0015.json,backups,260,917ba5bf0df02c3966ea6835ac6d30ce687eab8a53cd5b44c75b14053de28871,True,,1.0.0,True,0,0,0
backups/it_50/khawrizm_graph_chunk_it_0016.json,backups,260,4b097b7ee11fd76a0658578c2f7e44d0dd7952d65b667bc67aa373eaec208fbc,True,,1.0.0,True,0,0,0
backups/it_50/khawrizm_graph_chunk_it_0017.json,backups,260,ef2bf2fe4bf5a88b4f0f501ce84f37ed9e749e38b87403a07230980916c7a748,True,,1.0.0,True,0,0,0
backups/it_50/khawrizm_graph_chunk_it_0018.json,backups,260,461b2833f1205be9d58abaa5ab6077e1f61943baa55cc6bd6bd72d2b391a3205,True,,1.0.0,True,0,0,0
backups/it_50/khawrizm_graph_chunk_it_0019.json,backups,260,c3ce53b6d77e9ca90473dca378e8898c35c056762ede072b6eaa923e705869c6,True,,1.0.0,True,0,0,0
backups/it_50/khawrizm_graph_chunk_it_0020.json,backups,260,d4058f12cc6edfcf7ecc9a4e808c43179fccddacfc04f3adaf7f83078baa38e7,True,,1.0.0,True,0,0,0
backups/it_50/khawrizm_graph_chunk_it_0021.json,backups,260,e172d37381e231b8a192778deff46bafb88f2ced9bd4c46dbe566b6a1f43fb80,True,,1.0.0,True,0,0,0
backups/it_50/khawrizm_graph_chunk_it_0022.json,backups,260,fc629815f22a9f59c6e25726b868221fe2392a1a84b6f712dd1924875645d33c,True,,1.0.0,True,0,0,0
backups/it_50/khawrizm_graph_chunk_it_0023.json,backups,260,76654c5dd65d19e95c786d6d030286bd28369cc41898d6aa4cba5c68768bad04,True,,1.0.0,True,0,0,0
backups/it_50/khawrizm_graph_chunk_it_0024.json,backups,260,7498851565215f79b7513825cec8de5c15523b7248efd11293b8189e2537178c,True,,1.0.0,True,0,0,0
backups/it_50/khawrizm_graph_chunk_it_0025.json,backups,260,898e1917698d5a8dfec0d43bbc07c658c875c10b5079eeb5637e6694b2e117a3,True,,1.0.0,True,0,0,0
backups/it_50/khawrizm_graph_chunk_it_0026.json,backups,260,709294d4a94ccdea66c62446d461a5027cfaf2cdcb460e5eaec30aafaa1a6e10,True,,1.0.0,True,0,0,0
backups/it_50/khawrizm_graph_chunk_it_0027.json,backups,260,bbb74488782882c53ec08e6bd8acd1670b94e2ef6f6280e61f55bb451edceb3b,True,,1.0.0,True,0,0,0
backups/it_50/khawrizm_graph_chunk_it_0028.json,backups,260,10a6741951d23a53d95fc8c9057baf358c66551bfd65a066da7961df256accc1,True,,1.0.0,True,0,0,0
backups/it_50/khawrizm_graph_chunk_it_0029.json,backups,260,9cdae29aefe9a46f542e39b028a152689656feafe69ee54de83902f5a82679a7,True,,1.0.0,True,0,0,0
backups/it_50/khawrizm_graph_chunk_it_0030.json,backups,260,2c3a7b836230e3f004db8ccf0f3811a13077c565eea0ee0b15c22b892327d70a,True,,1.0.0,True,0,0,0
backups/it_50/khawrizm_graph_chunk_it_0031.json,backups,260,707701f96ff991251cbdeb6dff8c673cde589cca1864297907ac273d4f922297,True,,1.0.0,True,0,0,0
backups/it_50/khawrizm_graph_chunk_it_0032.json,backups,260,7c1dff2dff7853c3c2477f3aecc033f7bb5f55cd5d40fcb26e0daed8c0064f72,True,,1.0.0,True,0,0,0
backups/it_50/khawrizm_graph_chunk_it_0033.json,backups,260,faa8adc0a6c1aae450a01362afb65827a2ce016824bdba2937be208dfedcc65b,True,,1.0.0,True,0,0,0
backups/it_50/khawrizm_graph_chunk_it_0034.json,backups,260,72eb59f946d502ac36aeb2393b79b2cb0d326f88ac2792644db31786fd302ad6,True,,1.0.0,True,0,0,0
backups/it_50/khawrizm_graph_chunk_it_0035.json,backups,260,e22ad799dc099ce88cebf1bfca1572f356617df760b00d1c715f46ab3c80de6d,True,,1.0.0,True,0,0,0
backups/it_50/khawrizm_graph_chunk_it_0036.json,backups,260,9977211ead93518488f8bbf6250511572a67b79f44c5540cc1b7460fb332bad8,True,,1.0.0,True,0,0,0
backups/it_50/khawrizm_graph_chunk_it_0037.json,backups,260,ce9bf362073be1cbfc6af9d1bb4e01ca2f6e277663d046215f60d01d62b4f4c9,True,,1.0.0,True,0,0,0
backups/it_50/khawrizm_graph_chunk_it_0038.json,backups,260,7d75695d78308632823ebf8591690bcc4d73a4c5168af33e0f9e77f99695827c,True,,1.0.0,True,0,0,0
backups/it_50/khawrizm_graph_chunk_it_0039.json,backups,260,335603a48e19250cd690c18085aa3d759a482b1e07e4ab210752d00ba1c76d23,True,,1.0.0,True,0,0,0
backups/it_50/khawrizm_graph_chunk_it_0040.json,backups,260,b7ff2b35cef26ebf1181a651c800c89ff0a6e9392adaf1880d3576b2effdf2da,True,,1.0.0,True,0,0,0
backups/it_50/khawrizm_graph_chunk_it_0041.json,backups,260,cd0991db50d3ca293526dd875f02d7272085bf78fa8410dcce57669751f0453b,True,,1.0.0,True,0,0,0
backups/it_50/khawrizm_graph_chunk_it_0042.json,backups,260,140b277faad808b9bddd4f11ea90facc39ede58c46dd7a35c6c6e528d83298f4,True,,1.0.0,True,0,0,0
backups/it_50/khawrizm_graph_chunk_it_0043.json,backups,260,c2e3cf26e4391e86632c2abf7e63428857abbe1fdc4fcf9ea5218f5de827360b,True,,1.0.0,True,0,0,0
backups/it_50/khawrizm_graph_chunk_it_0044.json,backups,260,125d84a98b514a62aa84205d3095377fdf1465b83ddfb8ed794f18711af42576,True,,1.0.0,True,0,0,0
backups/it_50/khawrizm_graph_chunk_it_0045.json,backups,260,905617015c325c038e4d1720d16e17508e99a1e94506c7e37333d1ff2e870a4f,True,,1.0.0,True,0,0,0
backups/it_50/khawrizm_graph_chunk_it_0046.json,backups,260,3797e720faede9d90e86a395b5a0c1bf9a68dbd2325549be54769d1f72cd89bd,True,,1.0.0,True,0,0,0
backups/it_50/khawrizm_graph_chunk_it_0047.json,backups,260,49dc51b99b6f9906174c022d6022e30d81b5bbb92563209774bbad7e3395824e,True,,1.0.0,True,0,0,0
backups/it_50/khawrizm_graph_chunk_it_0048.json,backups,260,0d775f6a4bf778d6e376d539149a8803cfe0f8fbb14746f56b3f8f731968f94a,True,,1.0.0,True,0,0,0
backups/it_50/khawrizm_graph_chunk_it_0049.json,backups,260,e0704b55cc30aabb5c93bd81dd42bdd286e712c4a64ca83d098bc4b5d10cf3c0,True,,1.0.0,True,0,0,0
backups/it_50/khawrizm_graph_chunk_it_0050.json,backups,260,29f466e6b97bfa7660a389459974f97b6efa82f192e0fa1adf5dd96f9bc76a72,True,,1.0.0,True,0,0,0
backups/manifest_backup_100.json,backups,265,0e4f184b1062e1cbf2be6bba321ca5608c697536f33b6fdfe7e2ec104de97049,True,,,False,0,0,0
chunks/khawrizm_graph_chunk_0001.json,chunks,3258,2a0c23d410c274d8999e34333f223b1a395ac8f728aeabb3a40b67e138aa8bb7,True,sovereign_knowledge_graph,1.0.0,True,5,5,1
chunks/khawrizm_graph_chunk_0002.json,chunks,3884,fe1529f7af81e7ace14f27f4344a24082dede6099c2eac6c090b78d14f47c174,True,sovereign_knowledge_graph,1.0.0,True,6,7,2
chunks/khawrizm_graph_chunk_0003.json,chunks,3348,3bfd014411acc2e09414414828add0deed40001c47f349ba8c7e9269e4f3f173,True,sovereign_knowledge_graph,1.0.0,True,5,5,2
chunks/khawrizm_graph_chunk_0004.json,chunks,3502,270027369824471657474fe31a7065c7d8484bc6989d7e4c050aa54492121cad,True,sovereign_knowledge_graph,1.0.0,True,5,5,2
chunks/khawrizm_graph_chunk_0005.json,chunks,3780,c022942443e714d1c1ca7ba34f01ec952d4b2706e2867cbf3bc993d94f90a27b,True,sovereign_knowledge_graph,1.0.0,True,5,5,3
chunks/khawrizm_graph_chunk_0006.json,chunks,3686,218d7419e527581d881a7bf4e24c06afb5d3fbd4c887ca0dd6bff91da9c4a21d,True,sovereign_knowledge_graph,1.0.0,True,5,5,3
chunks/khawrizm_graph_chunk_0007.json,chunks,3998,085c31d4492903a3417fb8a848550005815f4d27d47c80acc251939177d5cb13,True,sovereign_knowledge_graph,1.0.0,True,5,5,4
chunks/khawrizm_graph_chunk_0008.json,chunks,4112,79dd6cae6a6522a6231bfdf0ceb046ef664ac9267f6b63ec0c341c44be19a145,True,sovereign_knowledge_graph,1.0.0,True,5,5,4
chunks/khawrizm_graph_chunk_0009.json,chunks,4225,3e2bfeebc2d21d89a3234c04d1c9e55d15cb6dc0e7c2f01a958f2768cea81702,True,sovereign_knowledge_graph,1.0.0,True,5,5,5
chunks/khawrizm_graph_chunk_0010.json,chunks,4322,9c83584d5e6778c3ad909967ec1175bddbf6c1a0849fc01c7ec3bf9079787b57,True,sovereign_knowledge_graph,1.0.0,True,5,5,5
chunks/khawrizm_graph_chunk_0011.json,chunks,3943,39f8f2cadac882e81ac369ddb8466429f41d46dfe2115c6ccb46a593dce27084,True,sovereign_knowledge_graph,1.0.0,True,5,5,3
chunks/khawrizm_graph_chunk_0012.json,chunks,3942,04e3cf556c151d85a6d5f9400a7d4fccf0017b937531ade4f74163d3c0150f0e,True,sovereign_knowledge_graph,1.0.0,True,5,5,3
chunks/khawrizm_graph_chunk_0013.json,chunks,4330,70fbfd53d61384136169f5ec7ed82afbd99885a063a9cc9dfab1b6cf0f3873f1,True,sovereign_knowledge_graph,1.0.0,True,5,5,5
chunks/khawrizm_graph_chunk_0014.json,chunks,4471,3f07ef69c49c4e4bf559a9602a8d6012e21f02c63ccdd3a77984a50790ce2517,True,sovereign_knowledge_graph,1.0.0,True,5,5,5
chunks/khawrizm_graph_chunk_0015.json,chunks,4248,ba5dffe29b3322b97fe20e4df6e73636b935de5ca51421f38816c50c03556766,True,sovereign_knowledge_graph,1.0.0,True,5,5,4
chunks/khawrizm_graph_chunk_0016.json,chunks,4631,3a15acdb4356ad1d1f6c5d1b82c8f52703d8f6ec2a617860e001911c35803edd,True,sovereign_knowledge_graph,1.0.0,True,5,5,5
chunks/khawrizm_graph_chunk_0017.json,chunks,4662,fb2895ef63f75172704873a7e9a478f911b3e50c2ac84319dfa49f11ff97f3a9,True,sovereign_knowledge_graph,1.0.0,True,5,5,5
chunks/khawrizm_graph_chunk_0018.json,chunks,4573,fecbb0e949139cf929f221c338e90c094d58f4852b71eb973abf0eeefb1cbf91,True,sovereign_knowledge_graph,1.0.0,True,5,5,5
chunks/khawrizm_graph_chunk_0019.json,chunks,4489,8143e9c7787152d55534ae440373ddf39b3d9b4b08807018878c0eac6963ab16,True,sovereign_knowledge_graph,1.0.0,True,5,5,5
chunks/khawrizm_graph_chunk_0020.json,chunks,4558,f0115c3da01eb9326a1e1738cc2366ca652aea370bc77505186e474a2e64fce2,True,sovereign_knowledge_graph,1.0.0,True,5,5,5
chunks/khawrizm_graph_chunk_0021.json,chunks,4609,0bb36c815f5e892682d97aca10df16e051d77a009bfd3e08af88d5f458edbdb0,True,sovereign_knowledge_graph,1.0.0,True,5,5,5
chunks/khawrizm_graph_chunk_0022.json,chunks,4355,18363fa5f40514044df141b486e7200b2ad4aa928cb85155ce0bdd8db7ce415d,True,sovereign_knowledge_graph,1.0.0,True,5,5,4
chunks/khawrizm_graph_chunk_0023.json,chunks,4570,907c3afe1c1f3201f452f7ad971fb1b9427e2b79d6162b5774a64ce15ca2a3f2,True,sovereign_knowledge_graph,1.0.0,True,5,5,5
chunks/khawrizm_graph_chunk_0024.json,chunks,4649,e7624029e4820cde49201f1632825252ca6788a97a7833ab8c5f35514795c91e,True,sovereign_knowledge_graph,1.0.0,True,5,5,5
chunks/khawrizm_graph_chunk_0025.json,chunks,4538,983f792918eb2d9371eb17e472a5716bd44c9ac8936cb4ceb350250214b4a9d1,True,sovereign_knowledge_graph,1.0.0,True,5,5,5
chunks/khawrizm_graph_chunk_0026.json,chunks,4636,f88a2b5727f676550b8eeca4daf5a75e942311e32f12ee9820e5e8514abef6c3,True,sovereign_knowledge_graph,1.0.0,True,5,5,5
chunks/khawrizm_graph_chunk_0027.json,chunks,4815,27dd6d68527517060589d5cae71a50b0a94b9417ac94eb613e7a7e59095fdf88,True,sovereign_knowledge_graph,1.0.0,True,5,5,5
chunks/khawrizm_graph_chunk_0028.json,chunks,4590,8e1f220b0672cd4fb0c15a5f85844fe0e3e204f1bf1fa4b501325ec41543b8c3,True,sovereign_knowledge_graph,1.0.0,True,5,5,5
chunks/khawrizm_graph_chunk_0029.json,chunks,4642,5dbdb3e3417ae88fcbb5b9e36f7d3bbeaa3625bb0942fade831d8a958335174b,True,sovereign_knowledge_graph,1.0.0,True,5,5,5
chunks/khawrizm_graph_chunk_0030.json,chunks,4708,0e1b2dec687eccd49361d1d7ea2139cc2dca67455cc4aa3b88167453dcead435,True,sovereign_knowledge_graph,1.0.0,True,5,5,5
chunks/khawrizm_graph_chunk_0031.json,chunks,4825,a0981b62e28904ae5e6016a651a2652210c1fa40813960291f00f51852ad6d25,True,sovereign_knowledge_graph,1.0.0,True,5,5,5
chunks/khawrizm_graph_chunk_0032.json,chunks,4817,726bc537dc999863e8ee9abf302fff133f92e4767383c9b178b1bd62f9ff3975,True,sovereign_knowledge_graph,1.0.0,True,5,5,5
chunks/khawrizm_graph_chunk_0033.json,chunks,4594,d5e160aae5636fb442fc317ca26506f5e1e2566134430f1acd995d38e0fed7ca,True,sovereign_knowledge_graph,1.0.0,True,5,5,5
chunks/khawrizm_graph_chunk_0034.json,chunks,4772,a0dbc22aae8c429fcdb0e90ffa66a1642ef368ad19174b680966ee07b1c0e5b2,True,sovereign_knowledge_graph,1.0.0,True,5,5,5
chunks/khawrizm_graph_chunk_0035.json,chunks,4667,ad73abd0f4422ae4f0767c412a9e9c273c552dea9ada452eb465b967b023f0cb,True,sovereign_knowledge_graph,1.0.0,True,5,5,5
chunks/khawrizm_graph_chunk_0036.json,chunks,4739,efca1cf0ae516360faaf2857f23781fa84122a599ab875e584adb608fa586d36,True,sovereign_knowledge_graph,1.0.0,True,5,5,5
chunks/khawrizm_graph_chunk_0037.json,chunks,4774,55e174b24b3eb7d4025737e85f2c6095eebb4d6048a3c53a63e55fe5ee04c92a,True,sovereign_knowledge_graph,1.0.0,True,5,5,5
chunks/khawrizm_graph_chunk_0038.json,chunks,4646,c7f20e8a8f5772a12cac6707547ab9494d7a036d0a9414a06e04bf70f0d504ac,True,sovereign_knowledge_graph,1.0.0,True,5,5,5
chunks/khawrizm_graph_chunk_0039.json,chunks,4504,082061b45fc2e6709e6dc0ad18d11144ca16dd43320f38e93007496367adbe79,True,sovereign_knowledge_graph,1.0.0,True,5,5,5
chunks/khawrizm_graph_chunk_0040.json,chunks,4786,c0efc458544ee031b3d550a2f3957d5d40adb59fa0896a8fdbf2388152228731,True,sovereign_knowledge_graph,1.0.0,True,5,5,5
chunks/khawrizm_graph_chunk_0041.json,chunks,4657,90dfefd78db4e1cb015f5ff14723ac6f0c85b6773567abc4939d9c44f9c89e86,True,sovereign_knowledge_graph,1.0.0,True,5,5,5
chunks/khawrizm_graph_chunk_0042.json,chunks,4462,f6f1507f5c1c36bcba01e3989254ee43f0c553b22ff964245d4835fd314a60d2,True,sovereign_knowledge_graph,1.0.0,True,5,5,5
chunks/khawrizm_graph_chunk_0043.json,chunks,4579,4eb090b05d9f21515d27642337c784675bc4be6bc41f18d903f9d11994cf0b83,True,sovereign_knowledge_graph,1.0.0,True,5,5,5
chunks/khawrizm_graph_chunk_0044.json,chunks,4513,304dabb6532eb465a22049a1de39e339d3c137df10fdf7ba37ff841ff47f4ec0,True,sovereign_knowledge_graph,1.0.0,True,5,5,5
chunks/khawrizm_graph_chunk_0045.json,chunks,4633,45ebbc519a6edb7fbc544d216a72962262c70bf36d5f7e6b79705761b0cead8b,True,sovereign_knowledge_graph,1.0.0,True,5,5,5
chunks/khawrizm_graph_chunk_0046.json,chunks,4502,f5a24bdeefdc3aad5ded8f8796c050c850c9dadd71ed465a366125f05708dc3f,True,sovereign_knowledge_graph,1.0.0,True,5,5,5
chunks/khawrizm_graph_chunk_0047.json,chunks,4543,586f23051b4af6081db6b12d87996fcac2d1aa522d14a499a3dd9cb3bdc26f00,True,sovereign_knowledge_graph,1.0.0,True,5,5,5
chunks/khawrizm_graph_chunk_0048.json,chunks,4641,f9d794af64e8a8bdfd0956561b012b8a0975a31f5ec4ea556710548976ac8473,True,sovereign_knowledge_graph,1.0.0,True,5,5,5
chunks/khawrizm_graph_chunk_0049.json,chunks,4423,e7fce01dc261e7db24de625ef256132b98d43fb7c5fe7290f6fda852e29d33e9,True,sovereign_knowledge_graph,1.0.0,True,5,5,5
chunks/khawrizm_graph_chunk_0050.json,chunks,4510,aa0f941123c9c4aceeae0b0eb6ac57d0486db26d0e804f739e778b6e54093155,True,sovereign_knowledge_graph,1.0.0,True,5,5,5
chunks/khawrizm_graph_chunk_0051.json,chunks,4578,9787c61784594174ed4b4e61be3e3db8294f1c24a4df423420a6d35960d1ceaa,True,sovereign_knowledge_graph,1.0.0,True,5,5,5
chunks/khawrizm_graph_chunk_0052.json,chunks,4562,f79be495040fa3eb496458897eb93cfc05f16cb64c5b04b1d5b26bbc1ab2b7d7,True,sovereign_knowledge_graph,1.0.0,True,5,5,5
chunks/khawrizm_graph_chunk_0053.json,chunks,4538,c242cf1791d64331acf955f274403ad118faf5a2bdb46f16db67a01c14027590,True,sovereign_knowledge_graph,1.0.0,True,5,5,5
chunks/khawrizm_graph_chunk_0054.json,chunks,4579,b4e886832e915c5d5b9cf0a54fc095ba475ce5c199348713341682b24eff3e87,True,sovereign_knowledge_graph,1.0.0,True,5,5,5
chunks/khawrizm_graph_chunk_0055.json,chunks,4528,9d3162fdabee9f94ace72ec3c98fb8bb3d6b05c04b0d291eb31b5a20bd1e2aed,True,sovereign_knowledge_graph,1.0.0,True,5,5,5
chunks/khawrizm_graph_chunk_0056.json,chunks,4708,658a1227904fef609b4b35e245daf0277c132056911c9a044a79d74af607350c,True,sovereign_knowledge_graph,1.0.0,True,5,5,5
chunks/khawrizm_graph_chunk_0057.json,chunks,4557,e0bcf44aec2a67b1c2841f7404a87e3e02181c2d1bbfced2ab4bf4971f9cb3d7,True,sovereign_knowledge_graph,1.0.0,True,5,5,5
chunks/khawrizm_graph_chunk_0058.json,chunks,4511,ac5a66921a3aebee46a84060de0a1f740f7ae1950d745ad5bc45d04679641560,True,sovereign_knowledge_graph,1.0.0,True,5,5,5
chunks/khawrizm_graph_chunk_0059.json,chunks,4536,561783bb920bbba1a990a5e9419fb210ffa6b50acf3056c0abba024e45d86fbd,True,sovereign_knowledge_graph,1.0.0,True,5,5,5
chunks/khawrizm_graph_chunk_0060.json,chunks,4616,f1607f502ffaf860b35e43b9d944aadcbd2d8798d6212335d9a7b1d050843e00,True,sovereign_knowledge_graph,1.0.0,True,5,5,5
chunks/khawrizm_graph_chunk_0061.json,chunks,4549,b188f9afb56229b7c0e3a50f3169a9275dcffdcad0cb025759f0ac40722ab191,True,sovereign_knowledge_graph,1.0.0,True,5,5,5
chunks/khawrizm_graph_chunk_0062.json,chunks,4613,bbfabd982bf016d4d9c8c91f902c248cfad84879621bb418bd5efd8230ed8264,True,sovereign_knowledge_graph,1.0.0,True,5,5,5
chunks/khawrizm_graph_chunk_0063.json,chunks,4544,5be1fc43ed0b5724225109a16fbcbd4593554d5b38f78baa9bda459390d96366,True,sovereign_knowledge_graph,1.0.0,True,5,5,5
chunks/khawrizm_graph_chunk_0064.json,chunks,4511,9fc882d22dfdd460d369c91afeb06640db8bba63effda433ca23660182aee8df,True,sovereign_knowledge_graph,1.0.0,True,5,5,5
chunks/khawrizm_graph_chunk_0065.json,chunks,4703,d8959479026f39489d7ba50be5f02110a7b478b2b708a09513c5916d3bdad62c,True,sovereign_knowledge_graph,1.0.0,True,5,5,5
chunks/khawrizm_graph_chunk_0066.json,chunks,4684,ce1e48233d81e88ab41f6dd09f46f2e74e8907e2ed2da9c24e2ab1f637401f67,True,sovereign_knowledge_graph,1.0.0,True,5,5,5
chunks/khawrizm_graph_chunk_0067.json,chunks,4487,5314082ca780dbe323422fe0f42fbd4d65bbaca0e158155d90d861b7b7c4c9b8,True,sovereign_knowledge_graph,1.0.0,True,5,5,5
chunks/khawrizm_graph_chunk_0068.json,chunks,4618,2c048b06351859298d8ee3c9fed0db161c127886dab73ddafd1b3d342c466107,True,sovereign_knowledge_graph,1.0.0,True,5,5,5
chunks/khawrizm_graph_chunk_0069.json,chunks,4793,d75262dbd44aec2c9f9d653320d4a4efccfb32bd2cf942e770a0f438074c0345,True,sovereign_knowledge_graph,1.0.0,True,5,5,5
chunks/khawrizm_graph_chunk_0070.json,chunks,4522,6f445896546696120a501ab93f72a93f594ace3ce842009e5f23f8c5802fee73,True,sovereign_knowledge_graph,1.0.0,True,5,5,5
chunks/khawrizm_graph_chunk_0071.json,chunks,4464,d131b7b2a8ec89cebe23d37f74d6a649f6b88d2a3914d3eef3e0684e41886366,True,sovereign_knowledge_graph,1.0.0,True,5,5,5
chunks/khawrizm_graph_chunk_0072.json,chunks,4716,b38add4e0811562e9e5d83606e7e4838f98daf6fe6b0fffff6499bce9a47887b,True,sovereign_knowledge_graph,1.0.0,True,5,5,5
chunks/khawrizm_graph_chunk_0073.json,chunks,4508,78a84d320dcf00f16efff5c9f5b7a8571ae061bca01e1072fd89273dd8c2bc56,True,sovereign_knowledge_graph,1.0.0,True,5,5,5
chunks/khawrizm_graph_chunk_0074.json,chunks,4542,0f719599f114d884fef6d6a0fe75c1084387554a516071151a93f6b2736a0f96,True,sovereign_knowledge_graph,1.0.0,True,5,5,5
chunks/khawrizm_graph_chunk_0075.json,chunks,4623,39c0a6549957f11641a2416f8f7e0700adbbb356ea8273adeda604ba8b6aa0a1,True,sovereign_knowledge_graph,1.0.0,True,5,5,5
chunks/khawrizm_graph_chunk_0076.json,chunks,4703,139744a8dda331c6ff25d9f0b96a51442dc83fb72a56154dd4dfe004c498aabf,True,sovereign_knowledge_graph,1.0.0,True,5,5,5
chunks/khawrizm_graph_chunk_0077.json,chunks,4679,a706b021fb37e68e15c36540c1c04035266f6a4ff35e5eac16fa220527f0b1f7,True,sovereign_knowledge_graph,1.0.0,True,5,5,5
chunks/khawrizm_graph_chunk_0078.json,chunks,4697,4b0bc7fd2f91bac22475a9ee717542425ade8df7786d5993c287b04d5d71117e,True,sovereign_knowledge_graph,1.0.0,True,5,5,5
chunks/khawrizm_graph_chunk_0079.json,chunks,4665,1bc2c966a4679902d098d6a54f4ececea80cbac0e70d6db37a0ec37e2b2ca00a,True,sovereign_knowledge_graph,1.0.0,True,5,5,5
chunks/khawrizm_graph_chunk_0080.json,chunks,4750,e837044bea5da4bd610376337a27d4c6483d25bf808b4183559089b48f2e0496,True,sovereign_knowledge_graph,1.0.0,True,5,5,5
chunks/khawrizm_graph_chunk_0081.json,chunks,4674,ef2a7f4fdb44f2ab43689a4388470cf407de9e6b7e9a1b764bfc2c9b9d2cdc6e,True,sovereign_knowledge_graph,1.0.0,True,5,5,5
chunks/khawrizm_graph_chunk_0082.json,chunks,4628,fc1d1aeaa9cb1417a68ee3559896ebd753818266b5640faec62457bfde114c31,True,sovereign_knowledge_graph,1.0.0,True,5,5,5
chunks/khawrizm_graph_chunk_0083.json,chunks,4634,863c04676a37474481559cb8dbf600823f5a3c35ee87b03cc440266a478fe609,True,sovereign_knowledge_graph,1.0.0,True,5,5,5
chunks/khawrizm_graph_chunk_0084.json,chunks,4598,8664452efef1e49553a4e7ef79c0eebd33d0d4a382d83b81d6c1e0d3c5d2300e,True,sovereign_knowledge_graph,1.0.0,True,5,5,5
chunks/khawrizm_graph_chunk_0085.json,chunks,4575,2a93d90e94410069c3f560152f4274b25d16544811be6e73f16737ab46f2a553,True,sovereign_knowledge_graph,1.0.0,True,5,5,5
chunks/khawrizm_graph_chunk_0086.json,chunks,4724,977e204aa6745e4185356d70207027a703003511f71aeac0e0a80aea960f3800,True,sovereign_knowledge_graph,1.0.0,True,5,5,5
chunks/khawrizm_graph_chunk_0087.json,chunks,4696,f5f9855b7d3c69cdf3ff293a795710fe4dbc9e66aa38a579900fd3921c1798b3,True,sovereign_knowledge_graph,1.0.0,True,5,5,5
chunks/khawrizm_graph_chunk_0088.json,chunks,4757,9a754de17bc01f83ac05043a276cfb0196a6d4fcdb4242997993464633ee739b,True,sovereign_knowledge_graph,1.0.0,True,5,5,5
chunks/khawrizm_graph_chunk_0089.json,chunks,4720,e4aed9520c34c4b05ec2c93bdf0f7076fe3d6ef9e710d56d095c81901fb5a69e,True,sovereign_knowledge_graph,1.0.0,True,5,5,5
chunks/khawrizm_graph_chunk_0090.json,chunks,4637,228a017f8b4d03517b707382f848d0e13fb09a4e11590693117b8231e2be2484,True,sovereign_knowledge_graph,1.0.0,True,5,5,5
chunks/khawrizm_graph_chunk_0091.json,chunks,4786,41cd6c0213f6ce75144c3fc3b434f289a96dd88c352ad8e1d3ee18bb6cdb4308,True,sovereign_knowledge_graph,1.0.0,True,5,5,5
chunks/khawrizm_graph_chunk_0092.json,chunks,4818,07b3aba6849e80025a08b2b2da03ffbb8a09094f7c5a4308dc4c0bf9287e1278,True,sovereign_knowledge_graph,1.0.0,True,5,5,5
chunks/khawrizm_graph_chunk_0093.json,chunks,4825,5d6605a463623a2f4fbfcb13aa762fb09802ff2b5cb1880c99f31d8cb25318ab,True,sovereign_knowledge_graph,1.0.0,True,5,5,5
chunks/khawrizm_graph_chunk_0094.json,chunks,4740,b88191edc10f96a8018665fae7415ff3dfd779c499634175ce735cb4a1abedbb,True,sovereign_knowledge_graph,1.0.0,True,5,5,5
chunks/khawrizm_graph_chunk_0095.json,chunks,4723,a2b77c799835350ff0788f5c963ed3aa095a7be20b77f40337c99360df5b3b36,True,sovereign_knowledge_graph,1.0.0,True,5,5,5
chunks/khawrizm_graph_chunk_0096.json,chunks,4658,4c8fa41b3b37b272514f30359e6e96d3e5220a5d1fb5beaaf652cd02185139d8,True,sovereign_knowledge_graph,1.0.0,True,5,5,5
chunks/khawrizm_graph_chunk_0097.json,chunks,4797,2de1b38427dc514512a7b4110f6247b84a3759bf82cc4ab8980da0f40f7ccc20,True,sovereign_knowledge_graph,1.0.0,True,5,5,5
chunks/khawrizm_graph_chunk_0098.json,chunks,4759,560e84137aa33a159235574614951e53e21b95c36b71bdb8705de87236676482,True,sovereign_knowledge_graph,1.0.0,True,5,5,5
chunks/khawrizm_graph_chunk_0099.json,chunks,4702,45af580dbb0024efcd724bd3ccfeb7119bf1420d0191904f49c82590c1dc3fe8,True,sovereign_knowledge_graph,1.0.0,True,5,5,5
chunks/khawrizm_graph_chunk_0100.json,chunks,5513,9bccc8477ac33bce2e05cf321141670992b3c8cf7ddab9896e392f1554fe64f6,True,sovereign_knowledge_graph,1.0.0,True,5,5,5
data/capability_knowledge_v2.json,data,7366,0d218a68ba844c1d5b003c42dbbf00ccf9f82d3ccba091fae14365c44ff34d57,True,,,False,0,0,0
data/knowledge_real_v2.0.0.json,data,9983,3d63771196d8d362465dd3ff0578d67d8d42a497ce5a06f3f002132e37198db9,True,,,True,10,6,7
data/real_knowledge_v2.json,data,8027,5dd301a6976bf129ef83ea823c8fcd026afa3757722ba5ec97de735558bc81b5,True,,,True,12,10,9
knowledge/canonical_knowledge_v2.json,knowledge,15457,2ac14ca5a00c91cfa1a7dfc32ed088376be1dbf99f36270c040c8c4f44981266,True,sovereign_knowledge_graph,2.1.0,True,13,6,0
manifests/graph_manifest.json,manifests,268,37c440221f30b910611f7b162a73da594416b91a1ae7e2fe22cd28f8e3169988,True,,,False,0,0,0
schema/canonical_knowledge_graph_v2.1.0.json,schema,6150,1d487ab089671e42de6ee2d5750830480f25ef65da9dd7764ce19b41036dcafb,True,,,False,0,0,0
schema/sovereign_knowledge_graph_v1.0.0.json,schema,894,64e19c91894cbecb438c1a033a86d17e5116364384cd1d0cdc007fb99d1cdfe0,True,,,False,0,0,0
schema/sovereign_knowledge_graph_v2.0.0.json,schema,5325,d5e8651065118b5cec60f2622aa2ee2275eac8714b5a523fcb872099e321a822,True,,,False,0,0,0
